{
  "readings48h": [
    {
      "time": 1780486135,
      "reading": 0.26785
    },
    {
      "time": 1607599724,
      "reading": 0.26785
    },
    {
      "time": 1607512024,
      "reading": 0.26785
    }
  ]
}